build_id,timestamp,patch_title,patch,hotfix,free_content,paid_content,topic_ai,topic_bugs,topic_crashes,topic_performance,topic_balance,topic_campaign,topic_battles,topic_dlc,topic_price,topic_content,topic_multiplayer,topic_ui,topic_graphics,topic_audio,topic_mods,topic_difficulty,topic_update,topic_developer,topic_monetization,topic_other,topic_count,has_topic
24237037,1784195700,Hotfix 8.1.1,0,1,0,0,0,1,1,0,1,0,1,0,0,0,0,1,0,0,0,0,0,0,0,0,5,1
24125400,1783590840,Patch 8.1 Now Live,1,0,1,0,1,1,1,0,1,1,1,1,0,1,0,1,1,1,0,0,0,0,0,0,11,1
23523763,1780393920,Hotfix 8.0.2,0,1,0,0,1,1,1,0,1,1,1,1,0,0,0,1,1,1,0,0,0,0,0,0,10,1
23360765,1779443220,Hotfix 8.0.1,0,1,0,0,1,1,1,1,1,1,1,1,0,0,1,1,1,0,0,0,0,0,0,0,11,1
23345201,1779371400,MAJOR Bhashiva Character Pack & Update 8.0 Out Now!,0,0,1,1,1,1,1,0,1,1,1,1,0,1,1,1,1,1,0,0,0,0,0,0,12,1
23125679,1778147700,Hotfix 7.2.2,0,1,0,0,0,1,1,0,0,0,0,0,0,0,0,0,0,0,0,0,0,0,0,0,2,1
22883775,1776765360,Crossplay Patch 7.2.1,1,0,0,0,0,0,0,0,0,0,0,0,0,0,1,0,0,0,1,0,1,0,0,0,3,1
22413659,1773917640,Patch 7.2 Live Now,1,0,0,0,1,1,1,0,1,1,1,0,0,0,0,1,1,1,0,0,0,0,0,0,9,1
21864339,1770720840,Patch 7.1 Live Now,1,0,0,0,1,1,1,0,1,1,1,0,0,0,1,1,1,0,0,0,0,0,0,0,9,1
21508407,1768474500,Hotfix 7.0.3 Now Live for All Players,0,1,0,0,0,1,1,1,1,1,1,1,0,1,1,1,1,1,0,0,0,0,0,0,12,1
21131201,1765371180,Hotfix 7.0.2,0,1,0,0,0,1,1,0,0,1,1,1,0,0,1,1,0,0,0,0,0,0,0,0,7,1
21088423,1765109400,Hotfix 7.0.1,0,1,0,0,0,1,1,0,0,1,0,1,0,0,0,1,0,0,0,0,0,0,0,0,5,1
21057053,1764867780,Total War 25th Anniversary Showcase,0,0,1,1,1,1,1,0,1,1,1,1,0,1,0,1,1,1,0,0,0,0,0,0,11,1
21056936,1764867180,Lords of the End Times - Campaign Fly Over,0,0,1,1,1,1,1,0,1,1,1,1,0,1,0,1,1,1,0,0,0,0,0,0,11,1
20693163,1762426440,Hotfix 6.3.4,0,1,0,0,1,1,0,0,0,1,1,0,0,0,0,0,0,0,0,0,0,0,0,0,4,1
20433180,1760695140,Hotfix 6.3.3,0,1,0,0,0,1,0,0,0,0,0,1,0,1,0,0,0,0,0,0,0,0,0,0,3,1
20383479,1760435760,Hotfix 6.3.2,0,1,0,0,1,1,0,0,0,1,0,0,0,0,0,0,0,0,0,0,0,0,0,0,3,1
20091080,1758621120,Hotfix 6.3.1,0,1,0,0,1,1,0,0,1,1,1,0,0,0,0,1,0,0,0,1,0,0,0,0,7,1
19823167,1756807080,Patch 6.3 Now Available,1,0,1,0,1,1,1,1,1,1,1,0,0,1,0,1,1,1,1,0,0,0,0,0,12,1
19143970,1751968380,Hotfix 6.2.2,0,1,0,0,1,1,0,0,1,1,1,0,0,0,0,0,0,0,0,0,0,0,0,0,5,1
18978526,1750758840,Hotfix 6.2.1,0,1,0,0,0,1,0,0,1,1,1,0,0,1,0,1,0,0,0,0,0,0,0,0,6,1
18895337,1750153980,Patch Notes 6.2,1,0,1,0,1,1,0,1,1,1,1,0,0,1,0,1,0,0,0,0,0,0,0,0,8,1
18715639,1748944380,Hotfix 6.1.5,0,1,0,0,0,1,1,0,0,1,1,0,0,0,0,1,0,0,0,0,0,0,0,0,5,1
18531535,1747734720,Hotfix 6.1.4,0,1,0,0,1,1,0,0,0,1,0,0,0,0,0,1,0,0,0,0,0,0,0,0,4,1
18277993,1745920500,Hotfix 6.1.3,0,1,0,0,0,1,1,0,0,1,1,0,0,0,0,1,1,0,0,0,0,0,0,0,6,1
17967891,1743673980,Hotfix 6.1.2,0,1,0,0,0,1,0,1,1,1,1,0,0,0,0,1,0,0,0,0,0,0,0,0,6,1
17882811,1743079980,Hotfix 6.1.1,0,1,0,0,0,1,1,0,0,0,0,0,0,0,0,0,0,0,1,0,0,0,0,0,3,1
17855106,1742921520,Patch 6.1 Now Available!,1,0,1,0,1,1,1,1,1,1,1,0,0,1,1,1,1,1,0,0,0,0,0,0,12,1
17405919,1739876220,Hotfix 6.0.5,0,1,0,0,1,1,1,1,1,1,1,1,0,0,1,1,1,1,0,0,0,0,0,0,12,1
17159328,1738076100,Hotfix 6.0.4,0,1,0,0,1,1,1,0,1,1,1,1,0,0,0,1,0,1,0,0,0,0,0,0,9,1
16998540,1736852220,Hotfix 6.0.3,0,1,0,0,0,1,1,0,1,1,1,1,0,0,0,1,0,0,0,0,0,0,0,0,7,1
16812998,1734692040,Hotfix 6.0.2,0,1,1,0,0,1,1,0,1,1,1,1,0,1,0,1,1,0,0,0,0,0,0,0,9,1
16760255,1734360780,Hotfix 6.0.1,0,1,0,0,0,1,0,0,1,0,1,1,0,0,0,1,0,0,0,0,0,0,0,0,5,1
16722801,1734015180,MAJOR Omens of Destruction is OUT NOW!,0,0,1,1,1,1,1,0,1,1,1,1,0,1,1,1,1,1,0,0,0,0,0,0,12,1
16326301,1730976720,Hotfix 5.3.1,0,1,0,0,0,1,0,0,1,1,1,0,0,0,1,1,1,0,0,0,0,0,0,0,7,1
16253115,1730386440,Patch Notes 5.3 LIVE NOW!,1,0,1,0,0,1,0,0,1,1,1,0,0,1,0,1,0,0,0,0,0,0,0,0,6,1
15965261,1728381360,Hotfix 5.2.7,0,1,0,0,0,1,0,1,0,1,1,0,0,0,1,1,0,0,0,0,0,0,0,0,6,1
15837623,1727358900,Hotfix 5.2.6,0,1,0,0,0,1,1,0,0,1,0,0,0,1,0,0,0,0,1,0,1,0,0,0,6,1
15806829,1727171640,Hotfix 5.2.5,0,1,0,0,0,1,0,0,0,1,1,0,0,0,0,0,1,0,0,0,0,0,0,0,4,1
15677896,1726148040,Hotfix 5.2.4,0,1,0,0,0,1,1,0,0,1,0,0,0,0,0,1,0,0,0,0,0,0,0,0,4,1
15529846,1724925300,Hotfix 5.2.2,0,1,1,0,0,1,1,0,0,1,1,0,0,1,0,1,0,0,0,0,0,0,0,0,6,1
15435294,1724162100,Patch Notes 5.2 LIVE NOW!,1,0,1,0,0,1,1,0,1,1,1,0,0,1,1,1,0,0,1,0,1,0,0,0,10,1
15275038,1722937980,Hotfix 5.1.3,0,1,0,0,0,1,1,0,1,1,1,0,0,0,0,1,1,1,0,0,0,0,0,0,8,1
15122954,1721728320,Hotfix 5.1.2,0,1,0,0,0,1,0,0,0,1,0,0,0,0,0,1,0,1,0,0,0,0,0,0,4,1
14974903,1720518780,Hotfix 5.1.1,0,1,0,0,0,1,0,1,1,1,1,0,0,0,1,1,1,0,0,0,0,0,0,0,8,1
14829705,1719309240,Patch 5.1 and Karanak OUT NOW!,1,0,1,0,1,1,1,1,1,1,1,0,0,1,0,1,0,0,0,0,0,0,0,0,9,1
14703621,1718272380,Hotfix 5.0.5,0,1,0,0,1,1,0,1,0,1,0,0,0,0,0,0,0,0,0,0,0,0,0,0,4,1
14596361,1717494720,Hotfix 5.0.4,0,1,0,0,0,1,1,0,0,1,1,1,0,0,1,1,1,1,0,0,0,0,0,0,9,1
14363021,1715694960,Hotfix 5.0.3,0,1,0,0,0,1,1,0,1,1,1,1,0,0,1,1,1,1,0,1,0,0,0,0,11,1
14290982,1715090220,Hotfix 5.0.2,0,1,0,0,0,1,1,0,1,1,0,1,0,0,0,0,0,0,0,0,0,0,0,0,5,1
14254058,1714730400,Hotfix 5.0.1,0,1,0,0,0,1,1,0,0,1,0,1,0,0,0,0,0,0,0,0,0,0,0,0,4,1
14221806,1714485000,Thrones of Decay is OUT NOW!,0,0,1,1,1,1,1,1,1,1,1,1,0,1,1,1,1,1,0,0,0,0,0,0,13,1
13995894,1712656380,Total War: WARHAMMER III - Hotfix 4.2.3,0,1,0,0,0,1,0,0,1,1,1,0,0,0,0,1,1,0,0,0,0,0,0,0,6,1
13784588,1710845580,Total War: WARHAMMER III - Hotfix 4.2.2,0,1,0,0,0,1,1,0,1,1,1,0,0,0,0,1,1,0,0,0,0,0,0,0,7,1
13247611,1706007660,Total War: WARHAMMER III - Hotfix 4.1.4,0,1,0,0,1,1,1,0,0,1,1,0,0,0,0,1,1,0,0,0,0,0,0,0,7,1