timestamp,date,high,low
1705622400,2024-01-19,22751,21335
1705708800,2024-01-20,28215,16080
1705795200,2024-01-21,28138,16815
1705881600,2024-01-22,,
1705968000,2024-01-23,20344,15807
1706054400,2024-01-24,20363,10285
1706140800,2024-01-25,20522,10349
1706227200,2024-01-26,21655,10826
1706313600,2024-01-27,26175,14700
1706400000,2024-01-28,27019,15864
1706486400,2024-01-29,21002,10676
1706572800,2024-01-30,20664,10467
1706659200,2024-01-31,19970,10349
1706745600,2024-02-01,20113,10272
1706832000,2024-02-02,21383,10572
1706918400,2024-02-03,25430,14637
1707004800,2024-02-04,26356,14545
1707091200,2024-02-05,20913,11297
1707177600,2024-02-06,20422,10902
1707264000,2024-02-07,20084,10654
1707350400,2024-02-08,20054,10902
1707436800,2024-02-09,21704,11451
1707523200,2024-02-10,25379,14175
1707609600,2024-02-11,27550,14348
1707696000,2024-02-12,21743,11959
1707782400,2024-02-13,20868,11374
1707868800,2024-02-14,17971,11415
1707955200,2024-02-15,20796,11599
1708041600,2024-02-16,22158,12146
1708128000,2024-02-17,25830,15169
1708214400,2024-02-18,26919,14697
1708300800,2024-02-19,22086,11346
1708387200,2024-02-20,19406,13602
1708473600,2024-02-21,18278,9956
1708560000,2024-02-22,24198,9672
1708646400,2024-02-23,,
1708732800,2024-02-24,33185,19597
1708819200,2024-02-25,33258,19926
1708905600,2024-02-26,25438,12895
1708992000,2024-02-27,,
1709078400,2024-02-28,,
1709164800,2024-02-29,17514,17514
1709251200,2024-03-01,25152,25152
1709337600,2024-03-02,18031,18031
1709424000,2024-03-03,30409,19418
1709510400,2024-03-04,22322,20543
1709596800,2024-03-05,,
1709683200,2024-03-06,,
1709769600,2024-03-07,,
1709856000,2024-03-08,,
1709942400,2024-03-09,,
1710028800,2024-03-10,,
1710115200,2024-03-11,24146,24146
1710201600,2024-03-12,,
1710288000,2024-03-13,,
1710374400,2024-03-14,18721,18721
1710460800,2024-03-15,25543,21682
1710547200,2024-03-16,32343,17260
1710633600,2024-03-17,33840,19538
1710720000,2024-03-18,25593,12019
1710806400,2024-03-19,23586,12723
1710892800,2024-03-20,24935,12184
1710979200,2024-03-21,23695,12267
1711065600,2024-03-22,25632,12451
1711152000,2024-03-23,32870,17881
1711238400,2024-03-24,32802,19303
1711324800,2024-03-25,25046,11749
1711411200,2024-03-26,23816,11342
1711497600,2024-03-27,23405,11395
1711584000,2024-03-28,23531,11487
1711670400,2024-03-29,27888,12895
1711756800,2024-03-30,29247,16295
1711843200,2024-03-31,28414,17678
1711929600,2024-04-01,28505,13017
1712016000,2024-04-02,23175,11173
1712102400,2024-04-03,23561,11301
1712188800,2024-04-04,23412,13719
1712275200,2024-04-05,24954,13889
1712361600,2024-04-06,28709,16893
1712448000,2024-04-07,30644,16402
1712534400,2024-04-08,23553,11756
1712620800,2024-04-09,22838,11337
1712707200,2024-04-10,24960,12431
1712793600,2024-04-11,24533,12085
1712880000,2024-04-12,26391,12747
1712966400,2024-04-13,32330,18216
1713052800,2024-04-14,33600,18327
1713139200,2024-04-15,24941,12219
1713225600,2024-04-16,23689,11967
1713312000,2024-04-17,24302,11630
1713398400,2024-04-18,25392,12248
1713484800,2024-04-19,28109,12841
1713571200,2024-04-20,34556,18406
1713657600,2024-04-21,35689,20175
1713744000,2024-04-22,26916,12615
1713830400,2024-04-23,25714,12451
1713916800,2024-04-24,25639,12361
1714003200,2024-04-25,25715,12899
1714089600,2024-04-26,26232,13124
1714176000,2024-04-27,30954,17431
1714262400,2024-04-28,32755,17093
1714348800,2024-04-29,24173,12563
1714435200,2024-04-30,66258,11898
1714521600,2024-05-01,73892,41584
1714608000,2024-05-02,61531,35575
1714694400,2024-05-03,62616,35336
1714780800,2024-05-04,70737,39884
1714867200,2024-05-05,71377,40662
1714953600,2024-05-06,54942,28028
1715040000,2024-05-07,47843,24174
1715126400,2024-05-08,47610,22885
1715212800,2024-05-09,48601,23310
1715299200,2024-05-10,46837,22352
1715385600,2024-05-11,52918,27928
1715472000,2024-05-12,53536,28700
1715558400,2024-05-13,40802,20156
1715644800,2024-05-14,36017,19771
1715731200,2024-05-15,37272,19386
1715817600,2024-05-16,37274,18629
1715904000,2024-05-17,39839,18843
1715990400,2024-05-18,47374,25939
1716076800,2024-05-19,46772,27291
1716163200,2024-05-20,39556,18700
1716249600,2024-05-21,35067,17070
1716336000,2024-05-22,33825,16843
1716422400,2024-05-23,33690,15956
1716508800,2024-05-24,38808,18017
1716595200,2024-05-25,47797,26540
1716681600,2024-05-26,50966,29453
1716768000,2024-05-27,45853,22210
1716854400,2024-05-28,39274,19958
1716940800,2024-05-29,38923,19667
1717027200,2024-05-30,40565,20220
1717113600,2024-05-31,41771,20412
1717200000,2024-06-01,49208,27748
1717286400,2024-06-02,49371,29457
1717372800,2024-06-03,37131,19249
1717459200,2024-06-04,35244,18252
1717545600,2024-06-05,34929,17914
1717632000,2024-06-06,34776,18276
1717718400,2024-06-07,37011,18392
1717804800,2024-06-08,44159,24978
1717891200,2024-06-09,46743,25963
1717977600,2024-06-10,34623,21300
1718064000,2024-06-11,33291,16502
1718150400,2024-06-12,32221,16310
1718236800,2024-06-13,31123,15687
1718323200,2024-06-14,34546,15826
1718409600,2024-06-15,42390,23913
1718496000,2024-06-16,42088,24845
1718582400,2024-06-17,32834,16508
1718668800,2024-06-18,31676,15922
1718755200,2024-06-19,31241,15528
1718841600,2024-06-20,28802,15119
1718928000,2024-06-21,29155,14699
1719014400,2024-06-22,35273,19225
1719100800,2024-06-23,35848,20370
1719187200,2024-06-24,26752,13635
1719273600,2024-06-25,24352,12799
1719360000,2024-06-26,26317,12615
1719446400,2024-06-27,27052,13376
1719532800,2024-06-28,29074,14182
1719619200,2024-06-29,35860,20248
1719705600,2024-06-30,38445,22313
1719792000,2024-07-01,31150,15721
1719878400,2024-07-02,30200,14922
1719964800,2024-07-03,30639,15117
1720051200,2024-07-04,32152,16196
1720137600,2024-07-05,31463,16031
1720224000,2024-07-06,37125,21360
1720310400,2024-07-07,38340,22656
1720396800,2024-07-08,29869,15302
1720483200,2024-07-09,26689,14923
1720569600,2024-07-10,27398,13894
1720656000,2024-07-11,27820,14519
1720742400,2024-07-12,29392,14960
1720828800,2024-07-13,35113,20276
1720915200,2024-07-14,35269,21546
1721001600,2024-07-15,28398,14233
1721088000,2024-07-16,27370,14065
1721174400,2024-07-17,26542,13553
1721260800,2024-07-18,25184,13730
1721347200,2024-07-19,26718,13455
1721433600,2024-07-20,30972,18606
1721520000,2024-07-21,32506,19224
1721606400,2024-07-22,26136,13210
1721692800,2024-07-23,23651,12758
1721779200,2024-07-24,24586,12290
1721865600,2024-07-25,23966,12696
1721952000,2024-07-26,26160,13011
1722038400,2024-07-27,31491,17182
1722124800,2024-07-28,33242,19557
1722211200,2024-07-29,26463,13696
1722297600,2024-07-30,25779,13734
1722384000,2024-07-31,25077,13560
1722470400,2024-08-01,25250,13507
1722556800,2024-08-02,26365,13414
1722643200,2024-08-03,30911,17662
1722729600,2024-08-04,32611,18892
1722816000,2024-08-05,25986,13067
1722902400,2024-08-06,21374,12661
1722988800,2024-08-07,23625,11242
1723075200,2024-08-08,23575,11709
1723161600,2024-08-09,25049,12327
1723248000,2024-08-10,28538,16697
1723334400,2024-08-11,29509,17786
1723420800,2024-08-12,23882,12189
1723507200,2024-08-13,23356,11715
1723593600,2024-08-14,23006,11832
1723680000,2024-08-15,23590,12393
1723766400,2024-08-16,24222,11822
1723852800,2024-08-17,28470,16117
1723939200,2024-08-18,29633,17241
1724025600,2024-08-19,23481,11606
1724112000,2024-08-20,23593,10351
1724198400,2024-08-21,25198,10679
1724284800,2024-08-22,25323,11232
1724371200,2024-08-23,26610,11797
1724457600,2024-08-24,30605,12443
1724544000,2024-08-25,33039,18217
1724630400,2024-08-26,28270,12394
1724716800,2024-08-27,25905,11873
1724803200,2024-08-28,25054,11242
1724889600,2024-08-29,23430,11473
1724976000,2024-08-30,25795,12673
1725062400,2024-08-31,29516,16471
1725148800,2024-09-01,30746,17383
1725235200,2024-09-02,29142,13144
1725321600,2024-09-03,24389,11547
1725408000,2024-09-04,23283,11166
1725494400,2024-09-05,21659,10725
1725580800,2024-09-06,22435,10565
1725667200,2024-09-07,27042,14706
1725753600,2024-09-08,29075,16346
1725840000,2024-09-09,21255,10385
1725926400,2024-09-10,19730,9516
1726012800,2024-09-11,21128,9573
1726099200,2024-09-12,21368,9800
1726185600,2024-09-13,22940,10455
1726272000,2024-09-14,28163,13874
1726358400,2024-09-15,31141,16468
1726444800,2024-09-16,24255,13937
1726531200,2024-09-17,23396,13603
1726617600,2024-09-18,22713,11332
1726704000,2024-09-19,22746,10789
1726790400,2024-09-20,25570,11892
1726876800,2024-09-21,32400,18065
1726963200,2024-09-22,35009,20576
1727049600,2024-09-23,27936,13592
1727136000,2024-09-24,25777,13316
1727222400,2024-09-25,17608,17608
1727308800,2024-09-26,25564,12831
1727395200,2024-09-27,26920,13281
1727481600,2024-09-28,31962,18430
1727568000,2024-09-29,33456,17660
1727654400,2024-09-30,26519,12861
1727740800,2024-10-01,25068,14615
1727827200,2024-10-02,24572,13704
1727913600,2024-10-03,24712,14251
1728000000,2024-10-04,25652,13667
1728086400,2024-10-05,30047,17077
1728172800,2024-10-06,32452,17954
1728259200,2024-10-07,24774,13844
1728345600,2024-10-08,23356,11355
1728432000,2024-10-09,23449,11547
1728518400,2024-10-10,23064,11243
1728604800,2024-10-11,24155,11298
1728691200,2024-10-12,29339,14884
1728777600,2024-10-13,30622,17371
1728864000,2024-10-14,24960,11702
1728950400,2024-10-15,22630,10663
1729036800,2024-10-16,22268,10474
1729123200,2024-10-17,22319,10869
1729209600,2024-10-18,23927,10866
1729296000,2024-10-19,28918,15919
1729382400,2024-10-20,30151,17127
1729468800,2024-10-21,23642,10919
1729555200,2024-10-22,22813,10504
1729641600,2024-10-23,22344,10386
1729728000,2024-10-24,22591,10263
1729814400,2024-10-25,23650,10948
1729900800,2024-10-26,28425,15267
1729987200,2024-10-27,29454,16173
1730073600,2024-10-28,23150,10493
1730160000,2024-10-29,23650,10343
1730246400,2024-10-30,23415,10570
1730332800,2024-10-31,21572,11195
1730419200,2024-11-01,25737,10932
1730505600,2024-11-02,30626,16001
1730592000,2024-11-03,32093,17892
1730678400,2024-11-04,26609,13276
1730764800,2024-11-05,25686,12660
1730851200,2024-11-06,25233,12446
1730937600,2024-11-07,25157,12296
1731024000,2024-11-08,27228,13093
1731110400,2024-11-09,31476,18313
1731196800,2024-11-10,32003,19433
1731283200,2024-11-11,26987,13040
1731369600,2024-11-12,23691,11816
1731456000,2024-11-13,23321,11369
1731542400,2024-11-14,23087,11634
1731628800,2024-11-15,24359,12023
1731715200,2024-11-16,29106,17356
1731801600,2024-11-17,30605,18826
1731888000,2024-11-18,23350,11617
1731974400,2024-11-19,22670,11401
1732060800,2024-11-20,22173,11139
1732147200,2024-11-21,21690,10728
1732233600,2024-11-22,23272,11192
1732320000,2024-11-23,28233,16007
1732406400,2024-11-24,28867,17517
1732492800,2024-11-25,22964,11432
1732579200,2024-11-26,23163,11511
1732665600,2024-11-27,24212,11948
1732752000,2024-11-28,25839,13363
1732838400,2024-11-29,29307,14336
1732924800,2024-11-30,33381,20204
1733011200,2024-12-01,34590,22399
1733097600,2024-12-02,28215,14385
1733184000,2024-12-03,27705,14298
1733270400,2024-12-04,27394,14052
1733356800,2024-12-05,27122,14101
1733443200,2024-12-06,28192,14405
1733529600,2024-12-07,33144,19550
1733616000,2024-12-08,33129,21114
1733702400,2024-12-09,26489,13488
1733788800,2024-12-10,25049,13395
1733875200,2024-12-11,24067,12870
1733961600,2024-12-12,43506,12093
1734048000,2024-12-13,42093,22187
1734134400,2024-12-14,48588,28953
1734220800,2024-12-15,47797,30434
1734307200,2024-12-16,37903,19867
1734393600,2024-12-17,36505,19167
1734480000,2024-12-18,34502,18692
1734566400,2024-12-19,33784,18077
1734652800,2024-12-20,35306,18134
1734739200,2024-12-21,41445,24795
1734825600,2024-12-22,42516,26693
1734912000,2024-12-23,36163,19418
1734998400,2024-12-24,34685,19951
1735084800,2024-12-25,33518,19866
1735171200,2024-12-26,36258,19641
1735257600,2024-12-27,27689,27689
1735344000,2024-12-28,,
1735430400,2024-12-29,,
1735516800,2024-12-30,37767,20160
1735603200,2024-12-31,36699,20460
1735689600,2025-01-01,41285,24070
1735776000,2025-01-02,36798,19667
1735862400,2025-01-03,37255,19214
1735948800,2025-01-04,41251,25006
1736035200,2025-01-05,40796,26248
1736121600,2025-01-06,33147,17851
1736208000,2025-01-07,30939,17100
1736294400,2025-01-08,29794,16525
1736380800,2025-01-09,30444,14917
1736467200,2025-01-10,25368,16646
1736553600,2025-01-11,36649,32328
1736640000,2025-01-12,38344,24224
1736726400,2025-01-13,28641,15863
1736812800,2025-01-14,27768,15196
1736899200,2025-01-15,26973,14622
1736985600,2025-01-16,26934,14310
1737072000,2025-01-17,29845,14744
1737158400,2025-01-18,35359,20601
1737244800,2025-01-19,35945,21942
1737331200,2025-01-20,30640,15511
1737417600,2025-01-21,27174,14254
1737504000,2025-01-22,26159,14076
1737590400,2025-01-23,25835,13861
1737676800,2025-01-24,28923,14365
1737763200,2025-01-25,33546,20185
1737849600,2025-01-26,36246,20341
1737936000,2025-01-27,27543,16840
1738022400,2025-01-28,26164,15878
1738108800,2025-01-29,26086,15193
1738195200,2025-01-30,26139,14896
1738281600,2025-01-31,27308,15509
1738368000,2025-02-01,32162,18858
1738454400,2025-02-02,33316,19914
1738540800,2025-02-03,26354,15310
1738627200,2025-02-04,24422,15491
1738713600,2025-02-05,23576,13305
1738800000,2025-02-06,23085,12663
1738886400,2025-02-07,24055,12567
1738972800,2025-02-08,29208,16283
1739059200,2025-02-09,29810,18487
1739145600,2025-02-10,23085,12284
1739232000,2025-02-11,22558,11873
1739318400,2025-02-12,22831,11856
1739404800,2025-02-13,22961,11694
1739491200,2025-02-14,23073,12266
1739577600,2025-02-15,29498,16535
1739664000,2025-02-16,29715,18348
1739750400,2025-02-17,25618,12790
1739836800,2025-02-18,24532,1431
1739923200,2025-02-19,25731,13143
1740009600,2025-02-20,25933,13559
1740096000,2025-02-21,27182,14068
1740182400,2025-02-22,33495,19734
1740268800,2025-02-23,34549,22185
1740355200,2025-02-24,26370,14052
1740441600,2025-02-25,25716,13870
1740528000,2025-02-26,25522,13608
1740614400,2025-02-27,25656,13720
1740700800,2025-02-28,26287,13259
1740787200,2025-03-01,31633,18736
1740873600,2025-03-02,32152,20106
1740960000,2025-03-03,24855,13288
1741046400,2025-03-04,23827,16072
1741132800,2025-03-05,23123,12196
1741219200,2025-03-06,22798,11935
1741305600,2025-03-07,24678,12480
1741392000,2025-03-08,29481,17690
1741478400,2025-03-09,30415,18820
1741564800,2025-03-10,24297,11628
1741651200,2025-03-11,23009,16079
1741737600,2025-03-12,22594,11008
1741824000,2025-03-13,23394,11001
1741910400,2025-03-14,25473,11725
1741996800,2025-03-15,32059,17385
1742083200,2025-03-16,33415,19381
1742169600,2025-03-17,26186,12086
1742256000,2025-03-18,25026,12032
1742342400,2025-03-19,24440,11941
1742428800,2025-03-20,24061,11735
1742515200,2025-03-21,25673,12540
1742601600,2025-03-22,31585,17349
1742688000,2025-03-23,32592,18576
1742774400,2025-03-24,24830,11798
1742860800,2025-03-25,25444,11215
1742947200,2025-03-26,26570,11603
1743033600,2025-03-27,27229,12082
1743120000,2025-03-28,29578,13603
1743206400,2025-03-29,37427,20493
1743292800,2025-03-30,39386,23260
1743379200,2025-03-31,30377,14760
1743465600,2025-04-01,29007,14014
1743552000,2025-04-02,28238,13816
1743638400,2025-04-03,28496,13684
1743724800,2025-04-04,29589,16655
1743811200,2025-04-05,36192,20079
1743897600,2025-04-06,38037,21777
1743984000,2025-04-07,29521,13967
1744070400,2025-04-08,27999,13489
1744156800,2025-04-09,27779,13304
1744243200,2025-04-10,27715,13184
1744329600,2025-04-11,29661,13987
1744416000,2025-04-12,35954,20206
1744502400,2025-04-13,37374,21062
1744588800,2025-04-14,28965,13535
1744675200,2025-04-15,27498,13256
1744761600,2025-04-16,26571,12818
1744848000,2025-04-17,26710,12549
1744934400,2025-04-18,31345,14548
1745020800,2025-04-19,32644,18277
1745107200,2025-04-20,31543,19677
1745193600,2025-04-21,31038,14365
1745280000,2025-04-22,25125,12390
1745366400,2025-04-23,23559,11416
1745452800,2025-04-24,23591,11220
1745539200,2025-04-25,25383,12111
1745625600,2025-04-26,29703,16489
1745712000,2025-04-27,31136,16232
1745798400,2025-04-28,23352,11321
1745884800,2025-04-29,22042,10949
1745971200,2025-04-30,22691,10688
1746057600,2025-05-01,25658,14225
1746144000,2025-05-02,24805,13409
1746230400,2025-05-03,29026,15941
1746316800,2025-05-04,30749,16853
1746403200,2025-05-05,24361,13703
1746489600,2025-05-06,22634,11172
1746576000,2025-05-07,22314,10675
1746662400,2025-05-08,22693,11206
1746748800,2025-05-09,23770,11412
1746835200,2025-05-10,28077,15380
1746921600,2025-05-11,28449,16132
1747008000,2025-05-12,22977,10763
1747094400,2025-05-13,21961,10425
1747180800,2025-05-14,21370,10041
1747267200,2025-05-15,21189,9902
1747353600,2025-05-16,22599,10502
1747440000,2025-05-17,27153,14776
1747526400,2025-05-18,28537,16175
1747612800,2025-05-19,23109,12374
1747699200,2025-05-20,20166,10309
1747785600,2025-05-21,21279,12301
1747872000,2025-05-22,21741,9918
1747958400,2025-05-23,26068,11407
1748044800,2025-05-24,31370,17015
1748131200,2025-05-25,33676,19522
1748217600,2025-05-26,31678,14705
1748304000,2025-05-27,27460,13234
1748390400,2025-05-28,27268,13150
1748476800,2025-05-29,28643,14071
1748563200,2025-05-30,27862,13919
1748649600,2025-05-31,31607,18264
1748736000,2025-06-01,33244,19360
1748822400,2025-06-02,26281,14827
1748908800,2025-06-03,24765,12796
1748995200,2025-06-04,24484,12151
1749081600,2025-06-05,24413,11982
1749168000,2025-06-06,25766,12630
1749254400,2025-06-07,30777,16854
1749340800,2025-06-08,32273,18334
1749427200,2025-06-09,26765,13239
1749513600,2025-06-10,24775,11832
1749600000,2025-06-11,23988,11675
1749686400,2025-06-12,23458,11486
1749772800,2025-06-13,24274,12044
1749859200,2025-06-14,28572,16078
1749945600,2025-06-15,29629,17631
1750032000,2025-06-16,24218,11365
1750118400,2025-06-17,20951,10165
1750204800,2025-06-18,24800,11467
1750291200,2025-06-19,26618,12935
1750377600,2025-06-20,25659,13319
1750464000,2025-06-21,30361,17333
1750550400,2025-06-22,32832,18735
1750636800,2025-06-23,26353,12619
1750723200,2025-06-24,25446,12245
1750809600,2025-06-25,24903,12053
1750896000,2025-06-26,24291,11966
1750982400,2025-06-27,26236,12814
1751068800,2025-06-28,30739,17713
1751155200,2025-06-29,31502,19312
1751241600,2025-06-30,26914,13525
1751328000,2025-07-01,26495,13705
1751414400,2025-07-02,26564,13351
1751500800,2025-07-03,27672,13708
1751587200,2025-07-04,29640,15097
1751673600,2025-07-05,33016,18853
1751760000,2025-07-06,35725,21302
1751846400,2025-07-07,30271,14783
1751932800,2025-07-08,29289,14470
1752019200,2025-07-09,28658,14480
1752105600,2025-07-10,28632,14521
1752192000,2025-07-11,29299,15169
1752278400,2025-07-12,34484,20272
1752364800,2025-07-13,36442,21813
1752451200,2025-07-14,30603,15519
1752537600,2025-07-15,29058,14625
1752624000,2025-07-16,28767,14462
1752710400,2025-07-17,27793,14548
1752796800,2025-07-18,28522,14291
1752883200,2025-07-19,33908,19541
1752969600,2025-07-20,35489,21248
1753056000,2025-07-21,29506,14666
1753142400,2025-07-22,28772,13991
1753228800,2025-07-23,27518,13777
1753315200,2025-07-24,27389,13314
1753401600,2025-07-25,28347,13804
1753488000,2025-07-26,32330,18662
1753574400,2025-07-27,34327,19922
1753660800,2025-07-28,28679,13953
1753747200,2025-07-29,27570,181
1753833600,2025-07-30,27110,13513
1753920000,2025-07-31,26614,13416
1754006400,2025-08-01,27723,13614
1754092800,2025-08-02,31480,17987
1754179200,2025-08-03,33008,19131
1754265600,2025-08-04,28129,13318
1754352000,2025-08-05,26700,13000
1754438400,2025-08-06,25670,12891
1754524800,2025-08-07,24254,12663
1754611200,2025-08-08,25080,12769
1754697600,2025-08-09,29076,17070
1754784000,2025-08-10,31104,18231
1754870400,2025-08-11,26330,12955
1754956800,2025-08-12,25384,13234
1755043200,2025-08-13,24316,12593
1755129600,2025-08-14,23310,12510
1755216000,2025-08-15,24937,12750
1755302400,2025-08-16,28868,16404
1755388800,2025-08-17,30437,18026
1755475200,2025-08-18,25336,12448
1755561600,2025-08-19,24741,12251
1755648000,2025-08-20,24970,12028
1755734400,2025-08-21,24721,12195
1755820800,2025-08-22,26026,12530
1755907200,2025-08-23,30444,17050
1755993600,2025-08-24,32091,18484
1756080000,2025-08-25,25590,12381
1756166400,2025-08-26,23833,11797
1756252800,2025-08-27,23522,11231
1756339200,2025-08-28,25808,11253
1756425600,2025-08-29,28882,13112
1756512000,2025-08-30,34831,19242
1756598400,2025-08-31,36563,21522
1756684800,2025-09-01,34204,16041
1756771200,2025-09-02,29272,14351
1756857600,2025-09-03,30191,14203
1756944000,2025-09-04,28913,14654
1757030400,2025-09-05,30913,15096
1757116800,2025-09-06,37303,21057
1757203200,2025-09-07,38707,22348
1757289600,2025-09-08,29318,14289
1757376000,2025-09-09,28230,13759
1757462400,2025-09-10,27828,13362
1757548800,2025-09-11,26847,13098
1757635200,2025-09-12,28517,13524
1757721600,2025-09-13,34649,18618
1757808000,2025-09-14,35954,19802
1757894400,2025-09-15,27311,13019
1757980800,2025-09-16,26248,12637
1758067200,2025-09-17,25535,12193
1758153600,2025-09-18,26017,12447
1758240000,2025-09-19,27957,13104
1758326400,2025-09-20,33875,18605
1758412800,2025-09-21,34376,20121
1758499200,2025-09-22,26947,13194
1758585600,2025-09-23,26396,12700
1758672000,2025-09-24,26151,12745
1758758400,2025-09-25,25609,12241
1758844800,2025-09-26,27627,12592
1758931200,2025-09-27,32748,18152
1759017600,2025-09-28,34769,17474
1759104000,2025-09-29,26681,12368
1759190400,2025-09-30,27168,12779
1759276800,2025-10-01,26928,14913
1759363200,2025-10-02,27461,15125
1759449600,2025-10-03,28956,15978
1759536000,2025-10-04,34326,18425
1759622400,2025-10-05,36942,19736
1759708800,2025-10-06,27888,16291
1759795200,2025-10-07,26781,9662
1759881600,2025-10-08,25625,15306
1759968000,2025-10-09,25272,12625
1760054400,2025-10-10,26277,12846
1760140800,2025-10-11,31220,15404
1760227200,2025-10-12,32144,17693
1760313600,2025-10-13,25155,12220
1760400000,2025-10-14,24056,11246
1760486400,2025-10-15,23870,11621
1760572800,2025-10-16,24089,11624
1760659200,2025-10-17,28041,12656
1760745600,2025-10-18,34044,17745
1760832000,2025-10-19,36308,20099
1760918400,2025-10-20,28118,13269
1761004800,2025-10-21,26533,12752
1761091200,2025-10-22,25739,12581
1761177600,2025-10-23,25754,12240
1761264000,2025-10-24,27718,12832
1761350400,2025-10-25,33322,17816
1761436800,2025-10-26,34452,19246
1761523200,2025-10-27,26238,12175
1761609600,2025-10-28,24931,12027
1761696000,2025-10-29,24027,11376
1761782400,2025-10-30,23146,10837
1761868800,2025-10-31,24165,11304
1761955200,2025-11-01,29735,15006
1762041600,2025-11-02,30971,17654
1762128000,2025-11-03,24023,11857
1762214400,2025-11-04,22896,11809
1762300800,2025-11-05,21652,10846
1762387200,2025-11-06,22044,10931
1762473600,2025-11-07,24759,11884
1762560000,2025-11-08,29899,17223
1762646400,2025-11-09,30312,18596
1762732800,2025-11-10,25010,12194
1762819200,2025-11-11,25088,12438
1762905600,2025-11-12,22599,11729
1762992000,2025-11-13,22690,11395
1763078400,2025-11-14,24447,11937
1763164800,2025-11-15,29325,17041
1763251200,2025-11-16,30351,18520
1763337600,2025-11-17,23657,12083
1763424000,2025-11-18,22875,11584
1763510400,2025-11-19,22531,11438
1763596800,2025-11-20,22318,11408
1763683200,2025-11-21,24392,11930
1763769600,2025-11-22,29222,17084
1763856000,2025-11-23,30855,18616
1763942400,2025-11-24,24047,12163
1764028800,2025-11-25,23568,12015
1764115200,2025-11-26,22820,11996
1764201600,2025-11-27,23703,12731
1764288000,2025-11-28,26313,13028
1764374400,2025-11-29,30527,18559
1764460800,2025-11-30,32111,20248
1764547200,2025-12-01,25905,13431
1764633600,2025-12-02,25374,13164
1764720000,2025-12-03,24210,12986
1764806400,2025-12-04,49274,12315
1764892800,2025-12-05,53334,26173
1764979200,2025-12-06,62454,36987
1765065600,2025-12-07,64187,40224
1765152000,2025-12-08,51075,26036
1765238400,2025-12-09,47459,25097
1765324800,2025-12-10,45501,24337
1765411200,2025-12-11,44085,23358
1765497600,2025-12-12,46508,23871
1765584000,2025-12-13,55849,33989
1765670400,2025-12-14,56379,35823
1765756800,2025-12-15,44367,22936
1765843200,2025-12-16,40892,22181
1765929600,2025-12-17,41063,21135
1766016000,2025-12-18,40944,21442
1766102400,2025-12-19,43982,22355
1766188800,2025-12-20,51973,31150
1766275200,2025-12-21,53006,33647
1766361600,2025-12-22,45509,12580
1766448000,2025-12-23,44939,24136
1766534400,2025-12-24,43218,24224
1766620800,2025-12-25,41567,23337
1766707200,2025-12-26,46284,25070
1766793600,2025-12-27,49954,31182
1766880000,2025-12-28,47056,29848
1766966400,2025-12-29,46890,22550
1767052800,2025-12-30,46231,24645
1767139200,2025-12-31,44352,25354
1767225600,2026-01-01,51219,29336
1767312000,2026-01-02,49252,29887
1767398400,2026-01-03,49775,31784
1767484800,2026-01-04,50491,28607
1767571200,2026-01-05,41253,21942
1767657600,2026-01-06,40001,21325
1767744000,2026-01-07,38470,20858
1767830400,2026-01-08,38250,20091
1767916800,2026-01-09,40283,19377
1768003200,2026-01-10,47410,28468
1768089600,2026-01-11,47407,30341
1768176000,2026-01-12,35574,19335
1768262400,2026-01-13,34170,18465
1768348800,2026-01-14,32902,18166
1768435200,2026-01-15,33577,17811
1768521600,2026-01-16,36196,18906
1768608000,2026-01-17,44317,26757
1768694400,2026-01-18,45271,28686
1768780800,2026-01-19,36918,19617
1768867200,2026-01-20,32866,18023
1768953600,2026-01-21,32023,17321
1769040000,2026-01-22,31360,16400
1769126400,2026-01-23,34155,16690
1769212800,2026-01-24,40319,23876
1769299200,2026-01-25,41337,25890
1769385600,2026-01-26,33598,16959
1769472000,2026-01-27,31267,15911
1769558400,2026-01-28,29181,15327
1769644800,2026-01-29,28690,15117
1769731200,2026-01-30,30641,15359
1769817600,2026-01-31,36564,21424
1769904000,2026-02-01,36898,22980
1769990400,2026-02-02,28551,14796
1770076800,2026-02-03,26788,14119
1770163200,2026-02-04,26167,13680
1770249600,2026-02-05,25507,13369
1770336000,2026-02-06,28870,13800
1770422400,2026-02-07,34936,20167
1770508800,2026-02-08,35862,21915
1770595200,2026-02-09,18838,14136
1770681600,2026-02-10,24617,16083
1770768000,2026-02-11,25164,13486
1770854400,2026-02-12,25350,13697
1770940800,2026-02-13,27871,14906
1771027200,2026-02-14,32846,18997
1771113600,2026-02-15,36185,20498
1771200000,2026-02-16,30588,17774
1771286400,2026-02-17,27873,17152
1771372800,2026-02-18,27862,16489
1771459200,2026-02-19,27806,16511
1771545600,2026-02-20,29649,12413
1771632000,2026-02-21,35643,21052
1771718400,2026-02-22,37423,22579
1771804800,2026-02-23,28946,18842
1771891200,2026-02-24,27787,15914
1771977600,2026-02-25,27555,15591
1772064000,2026-02-26,27298,15294
1772150400,2026-02-27,28152,15102
1772236800,2026-02-28,33782,18841
1772323200,2026-03-01,34649,21414
1772409600,2026-03-02,26772,14538
1772496000,2026-03-03,25312,13550
1772582400,2026-03-04,24750,13233
1772668800,2026-03-05,24525,13105
1772755200,2026-03-06,25801,12861
1772841600,2026-03-07,31398,18063
1772928000,2026-03-08,31495,20272
1773014400,2026-03-09,25020,12430
1773100800,2026-03-10,24008,11354
1773187200,2026-03-11,23442,11164
1773273600,2026-03-12,23108,10948
1773360000,2026-03-13,24786,11391
1773446400,2026-03-14,30333,16508
1773532800,2026-03-15,30823,17768
1773619200,2026-03-16,24573,11195
1773705600,2026-03-17,22470,10985
1773792000,2026-03-18,22116,10393
1773878400,2026-03-19,21528,10528
1773964800,2026-03-20,23796,10570
1774051200,2026-03-21,28616,15639
1774137600,2026-03-22,30258,17163
1774224000,2026-03-23,23781,11170
1774310400,2026-03-24,23323,11259
1774396800,2026-03-25,22804,11019
1774483200,2026-03-26,22208,10876
1774569600,2026-03-27,24491,11308
1774656000,2026-03-28,30018,16072
1774742400,2026-03-29,31743,17683
1774828800,2026-03-30,24484,14382
1774915200,2026-03-31,23327,11343
1775001600,2026-04-01,23303,11077
1775088000,2026-04-02,24466,11569
1775174400,2026-04-03,27552,13614
1775260800,2026-04-04,29804,17146
1775347200,2026-04-05,30066,17747
1775433600,2026-04-06,27458,15556
1775520000,2026-04-07,23593,11439
1775606400,2026-04-08,23200,11384
1775692800,2026-04-09,23455,11538
1775779200,2026-04-10,25529,11796
1775865600,2026-04-11,30569,16375
1775952000,2026-04-12,32123,17810
1776038400,2026-04-13,24707,11405
1776124800,2026-04-14,24090,11530
1776211200,2026-04-15,23312,11380
1776297600,2026-04-16,23718,11281
1776384000,2026-04-17,25938,11940
1776470400,2026-04-18,31015,16649
1776556800,2026-04-19,33122,18525
1776643200,2026-04-20,25661,12234
1776729600,2026-04-21,25202,11999
1776816000,2026-04-22,23869,11614
1776902400,2026-04-23,23718,11328
1776988800,2026-04-24,25795,12061
1777075200,2026-04-25,30780,16977
1777161600,2026-04-26,33006,18914
1777248000,2026-04-27,26193,12743
1777334400,2026-04-28,24562,11757
1777420800,2026-04-29,23664,2895
1777507200,2026-04-30,24455,11318
1777593600,2026-05-01,27334,14736
1777680000,2026-05-02,29874,16979
1777766400,2026-05-03,32563,18122
1777852800,2026-05-04,26622,13679
1777939200,2026-05-05,24840,13711
1778025600,2026-05-06,24003,11746
1778112000,2026-05-07,24829,11456
1778198400,2026-05-08,26470,12334
1778284800,2026-05-09,30909,16277
1778371200,2026-05-10,32724,18576
1778457600,2026-05-11,26574,12532
1778544000,2026-05-12,25271,11709
1778630400,2026-05-13,25568,11733
1778716800,2026-05-14,26302,12374
1778803200,2026-05-15,27027,12433
1778889600,2026-05-16,32269,17368
1778976000,2026-05-17,33396,19046
1779062400,2026-05-18,27593,12640
1779148800,2026-05-19,26213,12285
1779235200,2026-05-20,24964,12170
1779321600,2026-05-21,32089,11660
1779408000,2026-05-22,35782,17539
1779494400,2026-05-23,42822,23915
1779580800,2026-05-24,46394,26512
1779667200,2026-05-25,43121,22765
1779753600,2026-05-26,34674,18001
1779840000,2026-05-27,34203,18061
1779926400,2026-05-28,34050,17738
1780012800,2026-05-29,36436,18278
1780099200,2026-05-30,42126,22674
1780185600,2026-05-31,43678,23892
1780272000,2026-06-01,32673,16962
1780358400,2026-06-02,32276,16044
1780444800,2026-06-03,31359,16290
1780531200,2026-06-04,33366,21034
1780617600,2026-06-05,34051,16394
1780704000,2026-06-06,39214,20704
1780790400,2026-06-07,40771,21859
1780876800,2026-06-08,30307,15987
1780963200,2026-06-09,30215,15351
1781049600,2026-06-10,30034,14953
1781136000,2026-06-11,29267,14806
1781222400,2026-06-12,32006,15504
1781308800,2026-06-13,37423,19229
1781395200,2026-06-14,38501,20958
1781481600,2026-06-15,29248,14757
1781568000,2026-06-16,28628,14587
1781654400,2026-06-17,27628,13896
1781740800,2026-06-18,28090,14102
1781827200,2026-06-19,29934,16993
1781913600,2026-06-20,34427,18617
1782000000,2026-06-21,35045,18952
1782086400,2026-06-22,27534,13979
1782172800,2026-06-23,26456,12810
1782259200,2026-06-24,26168,13381
1782345600,2026-06-25,25240,12953
1782432000,2026-06-26,27956,13782
1782518400,2026-06-27,33629,17735
1782604800,2026-06-28,35040,20020
1782691200,2026-06-29,28446,14665
1782777600,2026-06-30,27872,14583
1782864000,2026-07-01,28705,14872
1782950400,2026-07-02,29210,15253
1783036800,2026-07-03,32965,16644
1783123200,2026-07-04,37170,20378
1783209600,2026-07-05,38835,20940
1783296000,2026-07-06,30437,15956
1783382400,2026-07-07,30043,15794
1783468800,2026-07-08,29439,15535
1783555200,2026-07-09,27930,15621
1783641600,2026-07-10,29786,15445
1783728000,2026-07-11,35864,19734
1783814400,2026-07-12,37795,22030
1783900800,2026-07-13,30369,15888
1783987200,2026-07-14,30224,15723
1784073600,2026-07-15,28282,14827
1784160000,2026-07-16,28920,14572
1784246400,2026-07-17,30909,15942
1784332800,2026-07-18,36300,19997
1784419200,2026-07-19,38311,21826
1784505600,2026-07-20,29921,15115
1784592000,2026-07-21,29613,14840
1784678400,2026-07-22,29036,14768
1784764800,2026-07-23,28795,14740
1784851200,2026-07-24,31017,15021
1784937600,2026-07-25,35900,19725
1785024000,2026-07-26,38075,21547
1785110400,2026-07-27,30462,15289
1785196800,2026-07-28,29100,15100
1785283200,2026-07-29,27660,14585
1785369600,2026-07-30,27702,14394
1785456000,2026-07-31,29460,14744
1785542400,2026-08-01,33828,18683
1785628800,2026-08-02,35150,19976
1785715200,2026-08-03,28247,14451
1785801600,2026-08-04,27037,13889
1785888000,2026-08-05,27148,13687
1785974400,2026-08-06,26718,13824
1786060800,2026-08-07,28210,13924
1786147200,2026-08-08,32140,17673
1786233600,2026-08-09,34455,19437
1786320000,2026-08-10,27399,14082
1786406400,2026-08-11,27182,13891
1786492800,2026-08-12,25571,13503
1786579200,2026-08-13,25612,12876
1786665600,2026-08-14,32210,15267
1786752000,2026-08-15,41384,22290
1786838400,2026-08-16,46512,25991
1786924800,2026-08-17,38309,19542
1787011200,2026-08-18,37607,18543
1787097600,2026-08-19,37271,18634
1787184000,2026-08-20,38028,18997
1787270400,2026-08-21,41029,19774
1787356800,2026-08-22,48063,26737
1787443200,2026-08-23,50703,29333
1787529600,2026-08-24,41179,20356
1787616000,2026-08-25,40071,20204
1787702400,2026-08-26,39512,19697
1787788800,2026-08-27,38938,19936
1787875200,2026-08-28,41257,20151
1787961600,2026-08-29,48518,27348
1788048000,2026-08-30,50273,29210
1788134400,2026-08-31,39261,19336
1788220800,2026-09-01,37833,18154
1788307200,2026-09-02,36690,18115
1788393600,2026-09-03,35080,17656
1788480000,2026-09-04,36959,17588
1788566400,2026-09-05,42722,23914
1788652800,2026-09-06,43733,25397
1788739200,2026-09-07,39182,18571
1788825600,2026-09-08,33144,16700
1788912000,2026-09-09,31618,15738
1788998400,2026-09-10,30795,15074
1789084800,2026-09-11,32755,15611
1789171200,2026-09-12,39450,21723
1789257600,2026-09-13,41057,22826
1789344000,2026-09-14,31087,15096
1789430400,2026-09-15,30294,14929
1789516800,2026-09-16,17915,17915
1789603200,2026-09-17,,
1789689600,2026-09-18,31510,21230
1789776000,2026-09-19,37356,20244
1789862400,2026-09-20,39376,20137
1789948800,2026-09-21,29981,14321
1790035200,2026-09-22,28407,13781
1790121600,2026-09-23,27279,13494
1790208000,2026-09-24,16289,14682