date_time,final_price,date_time_end,normal_discount,seasonal_discount,holiday_discount,special_discount,discount_title,source_url
2024-03-14 17:52:34,29.99,2024-03-21 17:30:18,0,1,0,0,Steam Spring Sale 2024,https://store.steampowered.com/news/posts/?enddate=1710435677&feed=steam_community_announcements
2024-03-21 17:30:18,59.99,,0,0,0,0,Steam Spring Sale 2024 Ended,https://steamdb.info/app/1142710/
2024-05-23 16:05:03,29.99,2024-05-30 17:02:37,0,0,0,1,Warhammer Skulls 2024,https://www.warhammer-community.com/2024/05/14/the-warhammer-skulls-video-games-festival-is-less-than-two-weeks-away/
2024-05-30 17:02:37,59.99,,0,0,0,0,Warhammer Skulls 2024 Ended,https://steamdb.info/app/1142710/
2024-06-27 17:53:21,29.99,2024-07-11 17:29:59,0,1,0,0,Steam Summer Sale 2024,https://www.bohemia.net/en/blog/steam-summer-sale-2024
2024-07-11 17:29:59,59.99,,0,0,0,0,Steam Summer Sale 2024 Ended,https://steamdb.info/app/1142710/
2024-07-25 17:02:46,29.99,2024-08-01 17:02:39,1,0,0,0,Normal Discount,https://steamdb.info/app/1142710/
2024-08-01 17:02:39,59.99,,0,0,0,0,Normal Discount Ended,https://steamdb.info/app/1142710/
2024-09-19 17:02:23,23.99,2024-09-26 17:02:18,0,0,0,1,SEGA Publisher Sale 2024,https://store.steampowered.com/news/posts/?enddate=1726765802&feed=steam_community_announcements
2024-09-26 17:02:18,59.99,,0,0,0,0,SEGA Publisher Sale 2024 Ended,https://steamdb.info/app/1142710/
2024-10-28 18:05:04,21.6,2024-11-04 18:22:57,0,0,1,0,Steam Scream Fest 3,https://store.steampowered.com/news/posts/?enddate=1730134819&feed=steam_community_announcements
2024-11-04 18:22:57,59.99,,0,0,0,0,Steam Scream Fest 3 Ended,https://steamdb.info/app/1142710/
2024-11-27 18:25:49,23.99,2024-12-04 18:30:15,0,1,0,0,Steam Autumn Sale 2024,https://store.steampowered.com/news/posts/?appgroupname=SMILE+GAME+BUILDER&appids=483950&enddate=1750266008&feed=steam_community_announcements
2024-12-04 18:30:15,59.99,,0,0,0,0,Steam Autumn Sale 2024 Ended,https://steamdb.info/app/1142710/
2024-12-12 15:05:01,23.99,2025-01-02 19:01:23,0,0,0,1,Omens of Destruction Launch,https://store.steampowered.com/search/?term=Total+War%3A+WARHAMMER+III+Omens+of+Destruction
2025-01-02 19:01:23,59.99,,0,0,0,0,Omens of Destruction Launch Ended,https://steamdb.info/app/1142710/
2025-02-17 18:21:22,23.99,2025-02-27 18:01:22,0,0,0,1,Total War: WARHAMMER III 3rd Anniversary,https://community.creative-assembly.com/total-war/total-war-warhammer/forums/8-general-discussion/threads/9043-total-war-warhammer-iii-is-3-years-old
2025-02-27 18:01:22,59.99,,0,0,0,0,Total War: WARHAMMER III 3rd Anniversary Ended,https://steamdb.info/app/1142710/
2025-03-13 17:16:10,23.99,2025-03-20 18:01:10,0,1,0,0,Steam Spring Sale 2025,https://store.steampowered.com/news/posts/?enddate=1741908571&feed=steam_community_announcements
2025-03-20 18:01:10,59.99,,0,0,0,0,Steam Spring Sale 2025 Ended,https://steamdb.info/app/1142710/
2025-05-22 16:05:02,20.39,2025-05-29 17:01:11,0,0,0,1,Warhammer Skulls 2025,https://warhammer-skulls-2023-neonhive.prezly.com/tides-of-torment-teased-for-total-war-warhammer-iii
2025-05-29 17:01:11,59.99,,0,0,0,0,Warhammer Skulls 2025 Ended,https://steamdb.info/app/1142710/
2025-06-26 17:32:47,20.39,2025-07-14 17:11:09,0,1,0,0,Steam Summer Sale 2025,https://store.steampowered.com/news/posts/?appgroupname=Total+War%3A+WARHAMMER+II&appids=594570&enddate=1759221891&feed=steam_community_announcements
2025-07-14 17:11:09,59.99,,0,0,0,0,Steam Summer Sale 2025 Ended,https://steamdb.info/app/1142710/
2025-08-28 17:01:10,17.99,2025-09-04 17:01:12,0,0,0,1,Annual SEGA Sale 2025,https://store.steampowered.com/oldnews/?appgroupname=Total+War%3A+WARHAMMER&appids=364360&feed=steam_community_announcements
2025-09-04 17:01:12,59.99,,0,0,0,0,Annual SEGA Sale 2025 Ended,https://steamdb.info/app/1142710/
2025-09-25 17:01:12,45,2025-09-29 17:08:01,1,0,0,0,Normal Discount,https://steamdb.info/app/1142710/
2025-09-29 17:08:01,45,,0,0,0,0,Normal Discount Ended,https://steamdb.info/app/1142710/
2025-09-29 17:08:01,14.99,2025-10-06 17:11:10,0,1,0,0,Steam Autumn Sale 2025,https://store.steampowered.com/news/posts/?appids=221100%2C107410%2C33900%2C33930%2C65790%2C33990%2C65780%2C235320%2C237950%2C65730%2C244030%2C65740%2C2780%2C224860%2C200490%2C65710%2C2590%2C33950%2C33980%2C5794%2C5728%2C33970%2C80670%2C80671%2C80672%2C80673%2C80674%2C80675%2C80676%2C65700%2C5888%2C65720%2C80461%2C33934%2C80432%2C81233%2C81254%2C81204%2C204050%2C65733%2C81447%2C81488%2C81972%2C222700%2C82096%2C82097%2C82059%2C2028095%2C80430%2C65760%2C80433%2C80439%2C65734%2C65735%2C224580&enddate=1761038230&feed=steam_community_announcements
2025-10-06 17:11:10,59.99,,0,0,0,0,Steam Autumn Sale 2025 Ended,https://steamdb.info/app/1142710/
2025-10-16 17:01:10,14.99,2025-10-28 17:01:14,1,0,0,0,Normal Discount,https://steamdb.info/app/1142710/
2025-10-28 17:01:14,59.99,,0,0,0,0,Normal Discount Ended,https://steamdb.info/app/1142710/
2025-10-29 1:00:04,45,2025-11-26 18:01:13,1,0,0,0,Normal Discount,https://steamdb.info/app/1142710/
2025-11-26 18:01:13,59.99,,0,0,0,0,Normal Discount Ended,https://steamdb.info/app/1142710/
2025-11-27 18:01:20,14.99,2025-12-11 18:01:24,0,0,0,1,Total War Franchise Sale 2025,https://store.steampowered.com/news/posts/?enddate=1764267601&feed=steam_community_announcements
2025-12-11 18:01:24,59.99,,0,0,0,0,Total War Franchise Sale 2025 Ended,https://steamdb.info/app/1142710/
2025-12-11 18:15:06,45,2025-12-18 18:10:34,1,0,0,0,Normal Discount,https://steamdb.info/app/1142710/
2025-12-18 18:10:34,45,,0,0,0,0,Normal Discount Ended,https://steamdb.info/app/1142710/
2025-12-18 18:10:34,14.99,2026-01-05 18:18:02,0,1,0,0,Steam Winter Sale 2025,https://steamcommunity.com/app/779340/allnews/
2026-01-05 18:18:02,59.99,,0,0,0,0,Steam Winter Sale 2025 Ended,https://steamdb.info/app/1142710/
2026-02-12 18:05:14,14.99,2026-02-26 18:15:25,1,0,0,0,Normal Discount,https://steamdb.info/app/1142710/
2026-02-26 18:15:25,59.99,,0,0,0,0,Normal Discount Ended,https://steamdb.info/app/1142710/
2026-03-19 17:19:22,14.99,2026-03-26 17:32:16,0,1,0,0,Steam Spring Sale 2026,https://steamcommunity.com/app/364360/announcements/
2026-03-26 17:32:16,59.99,,0,0,0,0,Steam Spring Sale 2026 Ended,https://steamdb.info/app/1142710/
2026-04-13 17:14:56,14.99,2026-04-20 17:15:25,1,0,0,0,Normal Discount,https://steamdb.info/app/1142710/
2026-04-20 17:15:25,59.99,,0,0,0,0,Normal Discount Ended,https://steamdb.info/app/1142710/
2026-04-23 17:05:50,17.25,2026-05-07 22:20:02,1,0,0,0,Normal Discount,https://steamdb.info/app/1142710/
2026-05-07 22:20:02,59.99,,0,0,0,0,Normal Discount Ended,https://steamdb.info/app/1142710/
2026-05-21 16:05:04,8.99,2026-05-28 17:05:30,0,0,0,1,Warhammer Skulls 2026,https://community.creative-assembly.com/total-war/total-war-warhammer/forums/7-total-war-warhammer/threads/14303-play-total-war-warhammer-iii-for-free-this-weekend
2026-05-28 17:05:30,59.99,,0,0,0,0,Warhammer Skulls 2026 Ended,https://steamdb.info/app/1142710/
2026-05-29 14:35:02,45,2026-06-15 17:15:20,1,0,0,0,Normal Discount,https://steamdb.info/app/1142710/
2026-06-15 17:15:20,59.99,,0,0,0,0,Normal Discount Ended,https://steamdb.info/app/1142710/
2026-06-25 18:05:23,8.99,2026-07-13 17:15:15,0,1,0,0,Steam Summer Sale 2026,https://steamcommunity.com/app/364360/allnews/
2026-07-13 17:15:15,59.99,,0,0,0,0,Steam Summer Sale 2026 Ended,https://steamdb.info/app/1142710/
2026-08-13 17:06:03,8.99,2026-08-27 17:05:53,0,0,0,1,Annual SEGA Sale 2026,https://steamcommunity.com/app/364360/allnews/
2026-08-27 17:05:53,59.99,,0,0,0,0,Annual SEGA Sale 2026 Ended,https://steamdb.info/app/1142710/